2026-03-10_17-58-16,0,draft.go:2026-03-10_17-58-16
2026-03-10_17-58-47,---,draft.go:2026-03-10_17-58-47
2026-03-10_17-59-17,---,draft.go:2026-03-10_17-59-17
2026-03-10_17-59-33,---,draft.go:2026-03-10_17-59-33
2026-03-10_17-59-44,---,draft.go:2026-03-10_17-59-44
2026-03-10_18-00-05,---,draft.go:2026-03-10_18-00-05
2026-04-14_17-16-54,0,draft.go:2026-04-14_17-16-54
2026-04-14_17-17-00,0,draft.go:2026-04-14_17-17-00
2026-04-14_17-17-46,0,draft.go:2026-04-14_17-17-46
2026-04-14_17-17-53,0,draft.go:2026-04-14_17-17-53
2026-04-14_17-18-02,0,draft.go:2026-04-14_17-18-02
2026-04-14_17-24-24,0,draft.go:2026-04-14_17-24-24
2026-04-14_17-24-38,0,draft.go:2026-04-14_17-24-38
2026-04-14_17-24-45,0,draft.go:2026-04-14_17-24-45
2026-05-04_19-18-07,0,draft.go:2026-04-14_17-24-45
2026-05-04_19-18-08,0,draft.go:2026-04-14_17-24-45
2026-05-04_19-18-08,0,draft.go:2026-04-14_17-24-45
2026-05-04_19-18-53,0,draft.go:2026-04-14_17-24-45
