2026-05-05_18-01-47,0,draft.go:2026-05-05_18-01-47
2026-05-05_18-09-13,0,draft.go:2026-05-05_18-09-13
2026-05-05_18-11-37,40,draft.go:2026-05-05_18-11-37
2026-05-05_18-17-27,60,draft.go:2026-05-05_18-17-27
2026-05-05_18-57-30,0,draft.go:2026-05-05_18-57-30
2026-05-06_18-54-33,0,draft.go:2026-05-06_18-54-33
2026-05-06_19-08-34,0,draft.go:2026-05-06_19-08-34
2026-05-06_19-08-53,0,draft.go:2026-05-06_19-08-53
2026-05-06_19-32-51,0,draft.go:2026-05-06_19-32-51
2026-05-06_19-37-12,0,draft.go:2026-05-06_19-32-51
2026-05-07_02-03-24,20,draft.go:2026-05-07_02-03-24
2026-05-07_02-04-20,0,draft.go:2026-05-07_02-04-20
2026-05-07_02-09-45,0,draft.go:2026-05-07_02-04-20
2026-05-07_02-09-55,0,draft.go:2026-05-07_02-04-20
2026-05-07_02-17-26,---,draft.go:2026-05-07_02-04-20
