2026-03-10_18-04-54,0,draft.go:2026-03-10_18-04-54
2026-03-10_18-06-04,0,draft.go:2026-03-10_18-04-54
2026-03-10_18-11-41,---,draft.go:2026-03-10_18-11-41
2026-03-10_18-13-39,100,draft.go:2026-03-10_18-11-41
2026-03-10_18-13-49,---,draft.go:2026-03-10_18-11-41
2026-03-16_03-37-06,100,draft.go:2026-03-10_18-11-41
2026-03-16_03-37-06,100,draft.go:2026-03-10_18-11-41
2026-03-16_03-37-22,100,draft.go:2026-03-10_18-11-41
2026-04-18_22-41-00,0,draft.go:2026-04-18_22-41-00
2026-04-18_22-41-07,0,draft.go:2026-04-18_22-41-00
2026-04-18_22-41-11,0,draft.go:2026-04-18_22-41-00
2026-04-18_22-41-21,0,draft.go:2026-04-18_22-41-00
2026-04-18_22-41-27,0,draft.go:2026-04-18_22-41-27
2026-04-18_22-42-00,0,draft.go:2026-04-18_22-41-27
2026-04-18_22-42-53,0,draft.go:2026-04-18_22-42-53
2026-04-18_22-43-05,0,draft.go:2026-04-18_22-43-05
2026-04-18_22-43-21,0,draft.go:2026-04-18_22-43-21
2026-04-18_22-43-27,0,draft.go:2026-04-18_22-43-27
2026-04-18_22-44-20,0,draft.go:2026-04-18_22-44-20
2026-04-18_22-45-00,0,draft.go:2026-04-18_22-45-00
2026-04-18_22-45-28,0,draft.go:2026-04-18_22-45-28
2026-04-18_22-45-37,0,draft.go:2026-04-18_22-45-37
2026-04-18_22-45-44,100,draft.go:2026-04-18_22-45-44
