2026-04-27_17-14-37,0,draft.go:2026-04-27_17-14-37
2026-04-27_17-15-31,0,draft.go:2026-04-27_17-14-37
2026-04-27_17-21-38,0,draft.go:2026-04-27_17-21-38
2026-04-27_17-25-25,0,draft.go:2026-04-27_17-25-25
2026-04-27_17-25-42,0,draft.go:2026-04-27_17-25-42
2026-04-27_17-26-21,0,draft.go:2026-04-27_17-26-21
2026-04-27_17-26-42,0,draft.go:2026-04-27_17-26-42
2026-04-27_17-28-13,0,draft.go:2026-04-27_17-28-13
2026-04-27_17-28-43,0,draft.go:2026-04-27_17-28-43
2026-04-27_17-29-02,0,draft.go:2026-04-27_17-29-02
2026-04-27_17-29-15,0,draft.go:2026-04-27_17-29-15
2026-04-27_17-31-35,0,draft.go:2026-04-27_17-31-35
2026-04-27_17-31-45,80,draft.go:2026-04-27_17-31-45
2026-04-27_17-32-33,80,draft.go:2026-04-27_17-32-33
2026-04-27_17-33-06,20,draft.go:2026-04-27_17-33-06
2026-04-27_17-33-07,20,draft.go:2026-04-27_17-33-06
2026-04-27_17-33-07,---,draft.go:2026-04-27_17-33-06
2026-04-27_17-33-46,100,draft.go:2026-04-27_17-33-46
